-- MariaDB dump 10.19  Distrib 10.5.12-MariaDB, for Linux (x86_64)
--
-- Host: mysql.hostinger.ro    Database: u574849695_25
-- ------------------------------------------------------
-- Server version	10.5.12-MariaDB-cll-lve

/*!40101 SET @OLD_CHARACTER_SET_CLIENT=@@CHARACTER_SET_CLIENT */;
/*!40101 SET @OLD_CHARACTER_SET_RESULTS=@@CHARACTER_SET_RESULTS */;
/*!40101 SET @OLD_COLLATION_CONNECTION=@@COLLATION_CONNECTION */;
/*!40101 SET NAMES utf8mb4 */;
/*!40103 SET @OLD_TIME_ZONE=@@TIME_ZONE */;
/*!40103 SET TIME_ZONE='+00:00' */;
/*!40014 SET @OLD_UNIQUE_CHECKS=@@UNIQUE_CHECKS, UNIQUE_CHECKS=0 */;
/*!40014 SET @OLD_FOREIGN_KEY_CHECKS=@@FOREIGN_KEY_CHECKS, FOREIGN_KEY_CHECKS=0 */;
/*!40101 SET @OLD_SQL_MODE=@@SQL_MODE, SQL_MODE='NO_AUTO_VALUE_ON_ZERO' */;
/*!40111 SET @OLD_SQL_NOTES=@@SQL_NOTES, SQL_NOTES=0 */;

--
-- Table structure for table `discounts`
--

DROP TABLE IF EXISTS `discounts`;
/*!40101 SET @saved_cs_client     = @@character_set_client */;
/*!40101 SET character_set_client = utf8 */;
CREATE TABLE `discounts` (
  `id` bigint(20) unsigned NOT NULL AUTO_INCREMENT,
  `user_id` bigint(20) unsigned DEFAULT NULL,
  `product_id` bigint(20) unsigned DEFAULT NULL,
  `discount` float unsigned DEFAULT NULL COMMENT 'Скидка от 0.0 до 1.0',
  `started_at` datetime DEFAULT NULL,
  `finished_at` datetime DEFAULT NULL,
  `created_at` datetime DEFAULT current_timestamp(),
  `updated_at` datetime DEFAULT current_timestamp() ON UPDATE current_timestamp(),
  PRIMARY KEY (`id`),
  KEY `user_id` (`user_id`),
  KEY `product_id` (`product_id`),
  CONSTRAINT `discounts_ibfk_1` FOREIGN KEY (`user_id`) REFERENCES `users` (`id`) ON DELETE CASCADE ON UPDATE CASCADE,
  CONSTRAINT `discounts_ibfk_2` FOREIGN KEY (`product_id`) REFERENCES `products` (`id`) ON DELETE CASCADE ON UPDATE CASCADE
) ENGINE=InnoDB AUTO_INCREMENT=21 DEFAULT CHARSET=utf8mb4 COLLATE=utf8mb4_unicode_ci COMMENT='Скидки';
/*!40101 SET character_set_client = @saved_cs_client */;

--
-- Dumping data for table `discounts`
--

LOCK TABLES `discounts` WRITE;
/*!40000 ALTER TABLE `discounts` DISABLE KEYS */;
INSERT INTO `discounts` VALUES (1,1,1,31165,'1976-01-04 05:27:35','1979-07-03 11:56:03','1977-11-03 17:34:53','1983-01-05 05:34:41'),(2,2,2,634512,'2001-04-16 14:19:10','2019-03-28 01:24:05','1985-05-30 16:07:49','2017-09-15 21:50:27'),(3,3,3,5,'1982-07-30 01:13:56','2004-03-31 04:18:12','2015-01-20 21:45:52','1972-05-04 02:26:38'),(4,4,4,8,'1994-06-27 14:25:29','2008-08-20 15:30:37','1973-12-15 15:14:58','1991-03-16 08:20:24'),(5,5,5,185,'2018-12-05 01:11:49','2020-04-16 20:25:43','1993-12-27 05:19:48','2011-10-17 20:15:23'),(6,6,6,260,'1998-09-17 11:17:21','2008-07-02 11:23:43','1999-05-03 10:05:48','2015-10-27 21:03:07'),(7,7,7,60191,'2005-01-17 06:24:59','1973-07-04 12:43:50','1980-06-24 22:00:12','1991-03-11 17:43:34'),(8,8,8,776181,'1994-08-01 18:05:36','2000-02-19 01:54:07','1974-12-06 20:47:49','2008-01-30 13:28:02'),(9,9,9,0,'1984-06-13 05:52:38','2010-10-17 14:45:11','2000-03-10 22:07:27','1989-01-29 13:29:05'),(10,10,10,895,'1997-09-20 10:12:09','1984-07-30 10:56:04','1993-05-02 15:42:25','2006-05-23 11:51:10'),(11,11,11,6220540,'1993-12-31 09:01:34','2004-05-09 22:54:57','1977-09-19 04:36:08','1992-09-30 04:16:27'),(12,12,12,96447300,'2019-09-05 21:39:59','1992-11-04 20:33:22','1977-01-14 15:25:43','1996-12-23 00:16:17'),(13,13,13,147420000,'1987-09-27 14:41:16','2002-11-22 03:54:49','2017-12-16 23:31:47','2021-09-03 10:27:59'),(14,14,14,61321700,'2012-03-27 17:44:06','1973-06-01 15:01:30','1977-12-08 15:14:03','1988-11-24 08:36:50'),(15,15,15,33839,'1990-07-14 00:29:49','1983-01-01 22:55:44','1971-06-04 09:39:46','1995-07-24 22:00:10'),(16,16,16,24393500,'2005-10-18 04:40:04','2018-04-23 22:52:39','1998-05-08 06:26:00','1977-08-08 04:06:09'),(17,17,17,0,'1974-12-06 19:52:10','1980-04-04 03:31:43','1971-06-13 02:55:38','2014-06-30 23:02:39'),(18,18,18,89345,'1972-01-05 01:00:41','1989-10-22 17:47:24','2020-12-15 22:28:59','2016-08-24 18:32:23'),(19,19,19,2798,'2012-12-19 17:35:01','2015-10-04 06:12:23','1999-08-15 12:16:30','1999-06-25 12:31:24'),(20,20,20,26,'1987-10-11 23:26:00','2014-03-03 20:07:04','1979-08-25 15:23:27','1976-05-24 15:00:55');
/*!40000 ALTER TABLE `discounts` ENABLE KEYS */;
UNLOCK TABLES;

--
-- Table structure for table `media`
--

DROP TABLE IF EXISTS `media`;
/*!40101 SET @saved_cs_client     = @@character_set_client */;
/*!40101 SET character_set_client = utf8 */;
CREATE TABLE `media` (
  `id` bigint(20) unsigned NOT NULL AUTO_INCREMENT,
  `name` varchar(255) COLLATE utf8mb4_unicode_ci DEFAULT NULL,
  `product_id` bigint(20) unsigned NOT NULL,
  `body` text COLLATE utf8mb4_unicode_ci DEFAULT NULL,
  `filename` varchar(255) COLLATE utf8mb4_unicode_ci DEFAULT NULL,
  `size` int(11) DEFAULT NULL,
  `metadata` longtext CHARACTER SET utf8mb4 COLLATE utf8mb4_bin DEFAULT NULL CHECK (json_valid(`metadata`)),
  `created_at` datetime DEFAULT current_timestamp(),
  `updated_at` datetime DEFAULT current_timestamp() ON UPDATE current_timestamp(),
  PRIMARY KEY (`id`),
  KEY `product_id` (`product_id`),
  CONSTRAINT `media_ibfk_1` FOREIGN KEY (`product_id`) REFERENCES `products` (`id`) ON DELETE CASCADE ON UPDATE CASCADE
) ENGINE=InnoDB AUTO_INCREMENT=51 DEFAULT CHARSET=utf8mb4 COLLATE=utf8mb4_unicode_ci COMMENT='Медиа';
/*!40101 SET character_set_client = @saved_cs_client */;

--
-- Dumping data for table `media`
--

LOCK TABLES `media` WRITE;
/*!40000 ALTER TABLE `media` DISABLE KEYS */;
INSERT INTO `media` VALUES (1,'ut',1,'Culpa itaque similique doloremque sit id nihil omnis. Eligendi quia explicabo in et enim et est. Aut quis dolore distinctio voluptatem quibusdam sit illum iure. Maxime explicabo maxime qui alias.','rem',956878930,NULL,'1985-02-06 22:36:06','2008-09-07 22:23:07'),(2,'veniam',2,'Accusantium sint dolorum officiis dolorem adipisci. Quaerat nam deleniti et qui. Recusandae odit illum esse nihil deserunt. Vel eaque dolorum hic provident est aut.','explicabo',903795520,NULL,'1993-04-03 20:31:11','1984-10-05 16:01:31'),(3,'repudiandae',3,'Ipsam et quidem consequatur autem consectetur. Itaque enim eos qui unde voluptates. Expedita debitis illo dolorem incidunt exercitationem neque.','cumque',3,NULL,'1984-02-04 04:45:39','1998-06-30 07:47:53'),(4,'ipsum',4,'Voluptatem ut officia ut qui voluptatem. Est velit nihil id autem autem sunt velit. Asperiores voluptatem dolorem magnam veritatis cupiditate. Necessitatibus nihil facere dolorem sit.','aut',3,NULL,'1984-08-06 21:59:29','1971-12-08 10:27:43'),(5,'labore',5,'Earum fugiat autem veniam dolor. Dolor voluptas ut eos eligendi dolorem tempore. Culpa asperiores eveniet et consequatur. Et quasi soluta debitis expedita.','provident',72737970,NULL,'1974-07-28 18:47:43','1993-09-18 18:51:50'),(6,'sit',6,'Corporis asperiores nihil autem et nihil. Ipsam dignissimos cumque dolorem quos quo. Est deserunt facilis id autem reiciendis facere recusandae.','sint',5,NULL,'1979-11-24 00:49:53','2021-02-04 13:23:08'),(7,'quia',7,'Illo ea unde ea dolore ut alias. Molestiae quae deserunt sunt repudiandae qui. Rem quis numquam sit. Quia nisi et vel eum quasi optio a.','provident',193588841,NULL,'2011-09-24 15:44:23','1971-11-11 06:14:33'),(8,'corrupti',8,'Voluptatem quidem sed magni facere totam. Non qui quod culpa necessitatibus est sapiente dicta sit. Magnam voluptatem consequatur aliquid enim in commodi.','esse',317,NULL,'2013-02-17 04:40:14','1999-04-27 17:49:33'),(9,'sit',9,'Vitae voluptas voluptatem fugiat. Facilis voluptates veniam cumque fugit vitae non neque. Sed praesentium at iure architecto. Id commodi doloremque quas et.','velit',46946185,NULL,'1996-02-02 14:56:16','2013-07-10 13:22:13'),(10,'esse',10,'Quisquam inventore quo sint praesentium maiores deserunt sint non. Sequi qui eius sint veniam cum. Esse fuga repellat quis fugiat excepturi sequi facilis.','distinctio',4780,NULL,'1979-04-19 11:19:13','1974-07-23 21:24:15'),(11,'fuga',11,'Incidunt qui voluptatibus vel repellat. Minima ab placeat in eaque. Quas facilis rerum et ipsa et.','omnis',3559154,NULL,'1975-04-10 20:49:50','1983-03-18 05:42:32'),(12,'adipisci',12,'Incidunt enim optio fuga fuga accusamus. Unde dolores et omnis sint molestiae quia. Et dicta ea est numquam at rem maxime. Ea cupiditate commodi enim consequatur.','et',30908197,NULL,'1992-01-24 22:51:09','2021-04-15 11:13:00'),(13,'ut',13,'Porro maiores suscipit vel mollitia quos eum tempore. Et expedita eum qui necessitatibus et dolor delectus.','laudantium',27666,NULL,'2012-07-24 05:11:49','2011-02-12 16:49:33'),(14,'nihil',14,'Error temporibus autem optio dicta ut. Laborum at soluta in ut. Dolore quasi sint perferendis est. Fugiat qui optio veritatis neque blanditiis animi illum.','et',766439064,NULL,'2006-02-22 00:18:08','1980-06-27 03:28:37'),(15,'quisquam',15,'Sed omnis non sunt ullam vero voluptatum minus. Est soluta molestiae atque autem. Atque saepe atque consequatur ex sit cum aperiam. Ut et perferendis quod sed natus enim iste.','fuga',53,NULL,'1990-12-21 06:52:00','2016-04-10 10:20:40'),(16,'autem',16,'Distinctio quasi expedita qui ut aut dolores. Incidunt excepturi quam harum soluta et quia doloremque. Enim quas error laborum consequatur quisquam. Animi vel ea reprehenderit aut reprehenderit eligendi est. Harum ut enim vel.','consequatur',83,NULL,'1970-06-02 17:07:41','2018-02-13 11:44:26'),(17,'adipisci',17,'Voluptas aut fugiat aut. Ullam unde quibusdam rerum nobis ratione. Debitis illo dolor eos excepturi. Qui illo eveniet maiores aliquam et laborum porro itaque. Molestias temporibus nisi nihil est est corrupti dolore.','et',2,NULL,'1985-04-09 04:50:39','2001-11-20 11:49:31'),(18,'delectus',18,'Consectetur enim porro temporibus. Rem quasi quis sed velit optio.','facere',5712,NULL,'2003-05-02 04:58:44','2001-02-03 23:03:31'),(19,'maxime',19,'Commodi qui aliquam delectus autem labore dolorum. Officiis et dolor rem architecto. Id modi earum a architecto illo.','ex',73333,NULL,'1984-01-24 05:11:21','2009-09-22 08:40:54'),(20,'autem',20,'Blanditiis commodi culpa cupiditate. Sed fugit culpa ipsa adipisci vel omnis. Expedita est non eos.','laudantium',3127,NULL,'2010-02-02 11:17:42','2007-01-22 18:58:02'),(21,'ut',21,'Eius ut alias voluptatem deserunt dolor iure accusantium. Quis qui iste similique facere. Ullam quae minus ratione qui nihil. Eos consequuntur doloribus voluptas rerum cum ut. Sint nobis eum aliquam in quo voluptatem alias voluptate.','dolorum',40182828,NULL,'2012-08-06 05:32:33','1987-11-29 07:51:54'),(22,'tenetur',22,'Quia optio nam soluta explicabo amet. Cum alias nesciunt molestiae rerum nobis. Est quia sequi et sit voluptatibus. Vitae a fugit quis aliquam eum omnis eos.','voluptatem',16,NULL,'2007-11-05 23:39:46','2018-10-31 20:37:47'),(23,'est',23,'Sit facilis blanditiis commodi. Rem non non est. Velit et mollitia libero aspernatur porro aut. Delectus expedita nulla sed ea placeat nostrum. Ducimus ad similique dolorem veniam nostrum.','dicta',9,NULL,'1999-08-17 01:04:06','1997-05-28 01:30:39'),(24,'nesciunt',24,'Perspiciatis est quidem deleniti tempore qui. Vero esse quo eligendi ullam. Dolorum quod ipsa sed quasi earum quia. Recusandae asperiores veniam occaecati non aperiam impedit.','et',629773991,NULL,'2006-11-20 20:11:42','2015-11-23 05:41:15'),(25,'ipsa',25,'Odio vitae totam nam nihil eligendi. Eum eaque excepturi atque excepturi accusamus dolorem corrupti. Velit voluptatem natus reiciendis voluptatem quam nulla saepe.','blanditiis',19410252,NULL,'1999-06-29 17:46:54','1984-05-18 17:45:22'),(26,'dolores',26,'Cum et debitis non consequatur et. Nihil et praesentium in et error iure. Modi quis culpa distinctio sit omnis et. Illum facere aut repellendus quas id.','ut',364144037,NULL,'2015-03-05 01:54:54','1993-10-07 14:00:17'),(27,'molestiae',27,'Temporibus et distinctio sit soluta. Eaque non autem ratione quaerat voluptatem asperiores quam. Sunt ut ducimus illum et veniam sapiente. Ut fugiat quas aliquam dicta quis distinctio cum.','officia',229663,NULL,'1991-08-22 22:17:33','2009-08-25 13:14:47'),(28,'et',28,'Dolore sit fuga sed. Nulla quis illo esse exercitationem laudantium. Unde dolor molestiae excepturi consequatur vel. Rerum est voluptas aut qui voluptas omnis nulla. A et tempore dicta omnis.','et',380,NULL,'1983-09-04 19:35:46','1974-01-26 05:56:16'),(29,'voluptatem',29,'Nisi voluptatum reprehenderit quod quasi reiciendis. Reprehenderit iure incidunt soluta placeat. Sapiente aut accusamus et quis et saepe officia.','assumenda',4760220,NULL,'2009-04-07 11:26:50','1995-09-19 00:35:06'),(30,'quo',30,'Architecto et nihil et. Quo praesentium tempora debitis quasi.','id',518,NULL,'1976-07-23 00:25:14','2010-10-22 11:39:22'),(31,'facere',31,'Molestias ut quo inventore dolores sint. Incidunt quo id cumque facere. Est maxime quidem aut labore hic fuga similique illo.','molestias',6,NULL,'1983-02-03 03:25:42','2009-02-15 21:55:53'),(32,'animi',32,'Omnis vel animi voluptas fugiat. Eos ullam tenetur architecto temporibus. Voluptatem sint sed et quaerat. Illum natus officiis cupiditate dolor.','est',91994,NULL,'2003-01-08 22:29:29','1977-04-12 19:09:13'),(33,'cupiditate',33,'Dignissimos consequatur architecto commodi. Est sint consequatur aut quasi. Cupiditate velit ullam voluptas et quia vel iure. Sapiente velit soluta voluptas libero quisquam quaerat. Est et qui velit consequatur eaque ut rem.','praesentium',218921,NULL,'2001-04-17 09:37:56','2011-06-20 18:43:44'),(34,'harum',34,'Et doloremque sint molestiae blanditiis corporis cum id. Sed quis architecto et sed dignissimos harum nemo aut. Deserunt quisquam dolorem impedit dolor harum. Fugiat sapiente molestiae dignissimos id sint. Quo iste minus vel et perspiciatis asperiores velit.','tempore',774733,NULL,'2020-02-14 14:58:46','2002-04-28 15:55:28'),(35,'amet',35,'Tempore voluptas nisi sequi reprehenderit. Repellendus nam vitae iusto perspiciatis quam et. Ipsam et nesciunt voluptatem ullam repellat eaque reprehenderit ducimus.','aperiam',2033480,NULL,'1979-02-14 23:47:44','2004-04-28 00:33:29'),(36,'sequi',36,'Enim optio delectus eum eum. Quisquam consequatur exercitationem consequatur quae tempore porro eos. Non ad et quia culpa et sequi magnam. Et odit quaerat eveniet nulla tempore aut corporis.','consectetur',0,NULL,'1991-08-04 20:05:47','1977-02-22 14:32:38'),(37,'facilis',37,'Aut reprehenderit in reprehenderit aut laborum commodi. Minima et repudiandae facilis debitis. Occaecati omnis saepe ipsum reprehenderit vitae qui ut. Illo repudiandae alias excepturi maiores autem.','officiis',561229,NULL,'1980-06-05 23:01:56','1975-11-23 04:48:31'),(38,'aut',38,'Cum odio autem cum eos dolor delectus. Repellat voluptates id occaecati. Esse occaecati saepe ratione. Reprehenderit animi repudiandae facere rerum dolore voluptatum occaecati culpa.','omnis',8,NULL,'2020-05-13 11:45:52','1989-01-17 18:52:29'),(39,'porro',39,'Deserunt sed ipsam quia est ad error. Laboriosam quis voluptatem eum nam architecto. Eos cum quaerat magni quia.','excepturi',8,NULL,'1972-04-20 16:41:52','1989-12-31 22:02:10'),(40,'corrupti',40,'Veritatis nobis aut reiciendis consectetur in commodi fuga. Deserunt reprehenderit dolores omnis perspiciatis. Nulla ut veritatis a quia. Quo sit et quae nihil sed incidunt.','est',7,NULL,'2007-02-19 08:33:02','1993-11-14 22:54:29'),(41,'vitae',41,'Blanditiis et aut tempora expedita voluptas repellat. Aut non totam id sit voluptatem. Aut voluptas optio repellat et ut molestias. Provident et quam et pariatur reprehenderit atque commodi. Sequi id consequuntur voluptatem quam sed voluptate.','ullam',39422315,NULL,'2013-03-12 00:57:25','2013-04-03 01:16:31'),(42,'ducimus',42,'Atque enim mollitia magni est. In odit sequi dolore ab placeat. Suscipit dolorum perferendis at tempora suscipit officiis. Quis tenetur et voluptatem voluptatem.','voluptatibus',5,NULL,'1978-06-05 01:08:20','1996-03-03 20:13:59'),(43,'debitis',43,'Ullam ut enim eos. Voluptas aut enim quae quia. Maiores sapiente maxime recusandae qui rerum aut et. Velit aliquid magni commodi non aperiam.','et',1071,NULL,'2015-08-08 14:33:39','2009-01-24 09:42:24'),(44,'et',44,'A quaerat nulla rem quia omnis harum. Vel consectetur tempora et beatae itaque fugiat esse voluptate. Enim aut temporibus reprehenderit voluptates eos et corrupti. Reiciendis nesciunt nulla nihil deserunt et.','ut',53506024,NULL,'1996-09-25 05:37:16','1974-01-29 18:25:22'),(45,'nulla',45,'Nihil vitae voluptas dolor libero ut aspernatur. Ab soluta quae non quia est dolorem. Nulla nemo illum aut culpa eligendi deleniti laborum deserunt.','ex',5,NULL,'1993-04-13 21:55:44','2016-08-18 06:27:25'),(46,'a',46,'Perferendis est dolores dolore adipisci ut alias eveniet. Nobis aut enim culpa aut cum. Dolores quae commodi nisi accusantium.','odit',0,NULL,'1976-11-12 02:26:04','2020-05-15 06:41:45'),(47,'aut',47,'Odit accusantium est alias vero voluptates voluptatem veniam. Veniam voluptas eveniet excepturi praesentium. Provident repudiandae voluptatem dolore. Debitis natus aut dolor animi.','aperiam',0,NULL,'2000-07-21 16:58:23','1980-09-17 02:43:45'),(48,'tempore',48,'Aut aut odio tempora illo quod. Veritatis vero harum sit in eos. Impedit dolorem aut assumenda cumque. Autem labore et fugiat vel eveniet recusandae aut.','voluptatem',0,NULL,'2017-07-03 14:51:28','2016-02-16 12:24:34'),(49,'facilis',49,'Ducimus error debitis sit natus fugit. Quis quo nihil tenetur modi velit est sequi.','voluptates',871,NULL,'1976-08-02 00:09:24','1996-01-08 01:31:37'),(50,'similique',50,'Pariatur voluptatibus deleniti aut et et quia. Voluptatem nam necessitatibus odio eos. Libero quis culpa impedit quia aperiam veritatis eum aut. Optio et voluptas quidem vel temporibus corporis.','omnis',35,NULL,'1993-12-22 19:57:12','1983-05-22 18:40:38');
/*!40000 ALTER TABLE `media` ENABLE KEYS */;
UNLOCK TABLES;

--
-- Table structure for table `products`
--

DROP TABLE IF EXISTS `products`;
/*!40101 SET @saved_cs_client     = @@character_set_client */;
/*!40101 SET character_set_client = utf8 */;
CREATE TABLE `products` (
  `id` bigint(20) unsigned NOT NULL AUTO_INCREMENT,
  `description` varchar(250) COLLATE utf8mb4_unicode_ci DEFAULT NULL COMMENT 'Описание товара',
  `quantity` bigint(20) unsigned DEFAULT NULL COMMENT 'Количество',
  `code` varchar(100) COLLATE utf8mb4_unicode_ci DEFAULT NULL COMMENT 'Артикул',
  `new_collection` char(1) COLLATE utf8mb4_unicode_ci DEFAULT NULL,
  `storage_id` bigint(20) unsigned DEFAULT NULL,
  PRIMARY KEY (`id`),
  KEY `storage_id` (`storage_id`),
  CONSTRAINT `products_ibfk_1` FOREIGN KEY (`storage_id`) REFERENCES `storages` (`id`) ON DELETE CASCADE ON UPDATE CASCADE
) ENGINE=InnoDB AUTO_INCREMENT=51 DEFAULT CHARSET=utf8mb4 COLLATE=utf8mb4_unicode_ci COMMENT='Товары';
/*!40101 SET character_set_client = @saved_cs_client */;

--
-- Dumping data for table `products`
--

LOCK TABLES `products` WRITE;
/*!40000 ALTER TABLE `products` DISABLE KEYS */;
INSERT INTO `products` VALUES (1,'Rem eum sapiente commodi libero nesciunt. Odit molestiae voluptas et est. Possimus quos in maiores et qui voluptatem excepturi. Esse deleniti tempore totam.',23365,'dmun','4',1),(2,'Et quod ut ab. Ullam et accusamus corporis. Quod et tenetur odio et.',4,'voaq','2',2),(3,'Alias doloremque quibusdam et consequatur aperiam sed iste. Qui dolore libero magni aut odit adipisci dicta autem. Cumque fugit ut non et deleniti est pariatur.',126425729,'qwat','6',3),(4,'Et officiis quisquam perferendis delectus inventore. Quia minus amet ut officiis. Qui fugit dolorum reiciendis rerum nobis.',0,'kyiy','8',4),(5,'Dolor qui consequatur omnis repellendus animi totam corporis. Quae provident officia et nulla. Sunt ex alias beatae dolores ratione velit animi. Iusto aut ipsum totam adipisci autem ut repudiandae.',131499360,'nyfi','4',5),(6,'Et nobis cumque rem. Laudantium voluptas deleniti fuga vitae quia commodi. Ea neque est repellat ab omnis sequi ad mollitia.',381288890,'hrvs','8',6),(7,'Non voluptatem praesentium dolores est consequatur ab quibusdam. Incidunt veritatis quasi placeat adipisci quaerat consequatur. Ut dolore officiis quia reiciendis et reiciendis quidem dolor.',17226,'fawd','1',7),(8,'Eius voluptate harum unde eum asperiores. Doloremque impedit inventore dolores maiores laudantium accusamus ipsum. Nulla et nostrum necessitatibus totam.',333,'oqiz','7',8),(9,'Modi qui provident voluptas qui consequuntur rem. Sit vero iusto voluptatibus libero ut soluta optio. Consectetur excepturi aperiam est nulla omnis occaecati consequatur.',704423566,'ekwr','9',9),(10,'Odio reprehenderit explicabo earum voluptas. Nemo suscipit enim doloremque quaerat amet. Corrupti sint non et explicabo ratione. Laborum sit quasi esse eius soluta quia eveniet fugiat.',0,'zdos','4',10),(11,'Eaque laboriosam laboriosam deleniti rerum quia et laboriosam. Dolores non eius quaerat sint ut nobis. Et et id dolore ut vitae vel sit.',153914693,'ymsi','8',11),(12,'Aut consectetur ea quia dolor. Doloremque doloribus molestiae libero qui deleniti sequi tempore. Eius sed id sit.',57543,'rjhx','6',12),(13,'A ut repellendus adipisci repellendus et. Qui velit facilis cumque harum dolorem reiciendis eligendi. Est similique similique inventore inventore nobis laboriosam eos eos. Est quis numquam ipsam est ut sapiente.',0,'nvfu','8',13),(14,'Laborum animi sint praesentium sint odit. Quidem modi reiciendis rerum autem libero corporis molestiae. Nostrum ut minima fugiat corporis unde qui ut. Voluptatem error vel nisi cupiditate.',469,'lpeh','7',14),(15,'Iste eius iure ratione est. Debitis repellat fugiat blanditiis asperiores ipsam tenetur. Sit labore blanditiis aut fuga sequi voluptates minima quo.',403846,'wjqw','8',15),(16,'Qui nemo corrupti nemo adipisci. Qui explicabo illum odit doloribus quos architecto. Cum aliquid et repellendus nihil.',0,'zhdg','3',16),(17,'Omnis et eum fuga temporibus. Voluptas unde expedita aut rerum. Dolorem id illum qui nihil in. Quis quasi et quas quam soluta dolorem.',0,'lbpi','5',17),(18,'Eos odit cupiditate quasi amet consequatur velit. Magni quo dignissimos odit officia. Aperiam quae quis minus qui eos dolores non. Amet delectus itaque non maxime dolore. Voluptate ab ut et earum sint aut atque.',295973,'bccz','4',18),(19,'Quia rerum ut iusto corporis rerum et. Nulla cum ut ab amet iure non corporis. Nostrum veritatis enim fugiat deleniti eos.',0,'eucv','1',19),(20,'Esse soluta possimus et sed praesentium vero labore. Quasi reiciendis quos totam accusamus occaecati et. Iure nostrum rem et voluptatibus voluptates commodi voluptatem qui. Tempora quam tempora facere.',5784,'vdwb','6',20),(21,'Iure distinctio fugit eum amet assumenda. Et voluptatem doloribus laborum repellendus. Voluptatum enim aut et enim.',0,'nakd','5',21),(22,'Nihil iusto deserunt et dolor. Voluptas id similique a qui. Et rerum rerum et ut. Et eos deserunt officia et sed amet at nostrum.',0,'ayxm','2',22),(23,'Corrupti tempora dolores error ut aut officia. Sed ab dolorem et quidem esse. Aliquam possimus corrupti explicabo perferendis nobis cumque ipsum. Enim quis distinctio facere quia qui autem cumque.',1086982,'dryf','1',23),(24,'Qui ea et sapiente esse dolorem. Suscipit culpa consequatur dolorum architecto doloribus. Aliquam ea sunt asperiores sit.',109,'hzus','7',24),(25,'Enim aut ipsum harum aut ea quia. Aut corrupti laborum voluptatum consequatur incidunt eligendi laudantium. Sunt eos nihil quia placeat et mollitia.',51359,'wgkg','8',25),(26,'Cumque est deserunt voluptas ullam nulla et. Et repellat omnis nihil sed culpa impedit. Id sint vel ratione aut quis. Impedit quia enim magnam magnam maxime ut esse.',365954317,'wdxb','2',26),(27,'Itaque distinctio rerum dolorum earum voluptatem. Dicta magnam laboriosam eaque ipsam sed. Eos consequatur corrupti et quisquam cupiditate qui eligendi. Culpa non ullam eveniet omnis optio id sint.',225432074,'aies','4',27),(28,'Quaerat labore ex molestiae voluptatem. Sunt laboriosam at culpa vero in blanditiis omnis. Et nihil aut reprehenderit blanditiis et tempora rerum enim. Et nihil natus suscipit placeat eum.',7409139,'uwvc','5',28),(29,'Ab et maxime rem atque perferendis. Quia maiores enim vel consequuntur asperiores. Sint cupiditate vel quas. Iure ratione consequatur unde rerum aut eos.',6,'xvdh','8',29),(30,'Omnis ipsa sunt doloremque. Sit sequi cum ex laudantium ut. Odit voluptatum voluptatum neque ex.',11193611,'mvbp','4',30),(31,'Nihil dolor corrupti accusantium et facilis repellendus. Natus a nisi doloribus eos quo at iste alias. Dolor qui atque voluptas non.',764,'yfqv','6',31),(32,'Suscipit vel enim repellendus natus. Ullam libero rerum libero optio voluptas sint voluptate. Et magnam consequuntur repellat et.',85,'dien','1',32),(33,'Incidunt dicta eligendi ab quidem. Eligendi tempore aspernatur ad et incidunt fuga. Sed sit fugit quia delectus eaque.',594976,'drue','1',33),(34,'Est fugit in rerum blanditiis. Tempore laboriosam maiores dolor sit. Non libero placeat nihil sint accusamus placeat qui.',520590910,'icjm','8',34),(35,'Cum et sed necessitatibus sit rerum vel. Explicabo dolore quaerat vero. Asperiores facere dolorum quia odit quasi nihil. Laudantium odit tempore minus.',2079,'snpk','9',35),(36,'Dolore aperiam autem natus est sint. Aut animi asperiores qui fugit saepe ea. Numquam quo voluptate expedita illum id quo.',50217344,'wmxg','1',36),(37,'Doloribus id eligendi est eius ea quos. Nisi ea enim sit quibusdam quia dignissimos. Unde alias voluptatem error saepe. Velit distinctio quia quos.',3198684,'kfku','8',37),(38,'Necessitatibus est non voluptatem quos quam quia tempora. Esse eos quae necessitatibus. Quo excepturi pariatur qui. Quos autem et dolorem consequuntur.',32,'lwsr','7',38),(39,'Molestiae est sed minus aut sed. Quas exercitationem quisquam asperiores. Mollitia officiis quibusdam sint earum.',5411420,'axbc','5',39),(40,'Et deserunt quia nam similique. Tempore hic iste repellendus nihil et optio dolor. Excepturi cumque reprehenderit rerum facilis. Iure quas et alias temporibus.',0,'vpwu','3',40),(41,'Voluptas possimus repellendus numquam optio. Et blanditiis doloremque in quia. Ipsum molestias aut non voluptatem.',15997708,'iioq','8',41),(42,'Aut eaque vel et dolores incidunt consequuntur. Aspernatur sequi qui et ipsam vitae eos. Dolores et dolor aperiam quibusdam animi molestiae. Aut voluptatibus distinctio error est in.',0,'aovb','5',42),(43,'Corrupti dignissimos est amet quia. Reiciendis aut aut veritatis consequatur maiores velit. Voluptatum maiores vel voluptates veniam reprehenderit. Inventore officia aut nisi placeat nostrum.',7151,'mugl','6',43),(44,'Porro non quis quos aut in est. Impedit minus exercitationem rerum et recusandae alias. Non quas iste praesentium illo dolore minus enim.',25031119,'qwjv','7',44),(45,'Iste voluptatem molestias eos. Et repellat in ut provident et quas doloremque. Sit ducimus dolorem esse eius laboriosam eum. Officia animi eligendi vel at eos voluptatem.',2189,'kftw','5',45),(46,'Qui ipsa rerum ut modi eum. Nisi atque laborum voluptatem placeat inventore dolor. Dolor vel facilis veritatis velit libero omnis quidem omnis. Sint aut beatae debitis odio doloremque vero.',139884961,'zkvx','8',46),(47,'Consequatur error aspernatur et cupiditate consequatur odit. Reprehenderit et rem voluptas ratione omnis rerum minus. Ad et delectus deserunt quis quo vero.',21557618,'fion','1',47),(48,'Assumenda eius nostrum beatae molestiae. Eum eius sapiente pariatur iste aut voluptatem beatae. Suscipit labore sed et qui ratione dolor ut. Culpa quis et omnis quia eaque.',58206750,'nfim','2',48),(49,'Distinctio eius aut aperiam quis sed tempore sequi. Assumenda et voluptatem sunt repellendus adipisci voluptatem. Repellat est itaque dignissimos praesentium quo. Perspiciatis beatae dolor nam molestias. Dolor amet tenetur nobis cupiditate dolores qu',11,'knra','1',49),(50,'Laudantium nobis omnis consequuntur adipisci quo velit eos. Modi quam fuga ullam quisquam repellat.',5438,'ekgw','6',50);
/*!40000 ALTER TABLE `products` ENABLE KEYS */;
UNLOCK TABLES;

--
-- Table structure for table `storages`
--

DROP TABLE IF EXISTS `storages`;
/*!40101 SET @saved_cs_client     = @@character_set_client */;
/*!40101 SET character_set_client = utf8 */;
CREATE TABLE `storages` (
  `id` bigint(20) unsigned NOT NULL AUTO_INCREMENT,
  `name` varchar(100) COLLATE utf8mb4_unicode_ci DEFAULT NULL,
  PRIMARY KEY (`id`)
) ENGINE=InnoDB AUTO_INCREMENT=51 DEFAULT CHARSET=utf8mb4 COLLATE=utf8mb4_unicode_ci COMMENT='Склады';
/*!40101 SET character_set_client = @saved_cs_client */;

--
-- Dumping data for table `storages`
--

LOCK TABLES `storages` WRITE;
/*!40000 ALTER TABLE `storages` DISABLE KEYS */;
INSERT INTO `storages` VALUES (1,'c'),(2,'a'),(3,'a'),(4,'c'),(5,'b'),(6,'a'),(7,'c'),(8,'a'),(9,'c'),(10,'b'),(11,'a'),(12,'c'),(13,'b'),(14,'b'),(15,'c'),(16,'c'),(17,'a'),(18,'c'),(19,'c'),(20,'a'),(21,'c'),(22,'c'),(23,'c'),(24,'c'),(25,'a'),(26,'b'),(27,'b'),(28,'b'),(29,'b'),(30,'b'),(31,'b'),(32,'b'),(33,'a'),(34,'a'),(35,'a'),(36,'b'),(37,'a'),(38,'a'),(39,'a'),(40,'b'),(41,'b'),(42,'b'),(43,'a'),(44,'a'),(45,'b'),(46,'c'),(47,'c'),(48,'b'),(49,'c'),(50,'b');
/*!40000 ALTER TABLE `storages` ENABLE KEYS */;
UNLOCK TABLES;

--
-- Table structure for table `users`
--

DROP TABLE IF EXISTS `users`;
/*!40101 SET @saved_cs_client     = @@character_set_client */;
/*!40101 SET character_set_client = utf8 */;
CREATE TABLE `users` (
  `id` bigint(20) unsigned NOT NULL AUTO_INCREMENT,
  `firstname` varchar(100) COLLATE utf8mb4_unicode_ci DEFAULT NULL,
  `lastname` varchar(100) COLLATE utf8mb4_unicode_ci DEFAULT NULL COMMENT 'Фамилия',
  `email` varchar(100) COLLATE utf8mb4_unicode_ci DEFAULT NULL,
  `password_hash` varchar(100) COLLATE utf8mb4_unicode_ci DEFAULT NULL,
  `phone` bigint(20) DEFAULT NULL,
  `gender` char(1) COLLATE utf8mb4_unicode_ci DEFAULT NULL,
  `birthday` date DEFAULT NULL,
  `hometown` varchar(100) COLLATE utf8mb4_unicode_ci DEFAULT NULL,
  `is_deleted` bit(1) DEFAULT b'0',
  PRIMARY KEY (`id`),
  UNIQUE KEY `email` (`email`)
) ENGINE=InnoDB AUTO_INCREMENT=71 DEFAULT CHARSET=utf8mb4 COLLATE=utf8mb4_unicode_ci COMMENT='Покупатели';
/*!40101 SET character_set_client = @saved_cs_client */;

--
-- Dumping data for table `users`
--

LOCK TABLES `users` WRITE;
/*!40000 ALTER TABLE `users` DISABLE KEYS */;
INSERT INTO `users` VALUES (1,'Enrique','Hintz','urobel@example.com','957641c663806ab9263ef14dc849d3db341ce9ed',7853694857,'D','2002-09-23','Nicolasfurt',''),(2,'Burnice','Schinner','harvey.alverta@example.net','9d7d86a69f4d46cca5463614b70d9bec095067bd',5997591265,'P','2016-10-17','Lake Fae',''),(3,'Randy','McClure','huel.alanis@example.net','3ff1bebd5dbb449c840a20d8fb847ba4be444860',7453378421,'M','1970-03-21','West Deliaborough',''),(4,'Linnea','Ernser','olueilwitz@example.com','60fa729986b5a9a8f67a5ac572ad1ea44840c537',8166259541,'P','2014-08-29','Huldamouth','\0'),(5,'Lolita','O\'Connell','kory.rowe@example.com','091962a3b7e0493987ecf6bb1b0159c59a36f19f',2032251474,'D','2015-06-02','Davischester','\0'),(6,'Laury','Johnston','nya.mayer@example.net','795d1b94717a0efcc3987719154bcbe1b61bb819',379192808,'D','2007-11-03','New Norrischester','\0'),(7,'Shayna','Treutel','lockman.frederique@example.com','622bb0c761bd004ec86794c9f9877d2381ab9e37',6215355543,'M','1996-01-04','Kosstown','\0'),(8,'Rosalee','Schiller','xander.mosciski@example.org','c693c2e661007da2059da6788a39de8f24e072ac',1155555420,'D','1998-05-03','Erdmanborough',''),(9,'Kaitlin','Gottlieb','vito76@example.net','73b0e0ff8c364e0dde8a806e599361873d717b6e',7630655686,'M','2010-04-25','North Heloise',''),(10,'Lizzie','Schaefer','damion.oberbrunner@example.net','4b022ccd2e58bee54fa87e077b839655d0bfe282',4882591696,'M','2019-11-13','Kingchester',''),(11,'Penelope','Bogan','ojerde@example.net','cb9b70dd703c8c36813b9117ed4043929505f12b',3011417575,'M','1995-02-21','North Madonna','\0'),(12,'Eleanore','Stoltenberg','pdenesik@example.org','10e623102af8f8c99932e99ee35131b3ecbf9e7e',1758845524,'P','1988-07-23','South Lonzoberg','\0'),(13,'Gwen','Abshire','qberge@example.net','65e417679a038da9cb7d886a31f8330d94434b60',943625932,'D','1988-08-12','Nicolaston',''),(14,'Jeanne','Wolff','janae.o\'connell@example.net','f5bdfe1301716baa0ca0dc6a785127157a2c8558',6614189384,'D','2008-09-12','Rubyport','\0'),(15,'Nicolette','Howe','skyla64@example.com','b37b3bbadbf13731d6732d95858d7ac3d57936dc',6679396901,'P','2014-05-14','Volkmantown',''),(16,'Christiana','Streich','hackett.burnice@example.net','41179c8fc8638fb12dcc2c76dc673e116c3b96ef',3292167266,'P','2000-08-18','Lake Russelstad',''),(17,'Crawford','Adams','eveline79@example.net','15abfaced944cf50234b6a27e146ab70ad660038',95728141,'M','2018-04-15','East Bethel',''),(18,'Kenny','Blanda','domenico.reilly@example.net','be1ffbb26ea23f1587ea0b85fdc5441c6ab34330',4101817137,'M','2017-09-19','Prohaskahaven',''),(19,'Raina','Pfannerstill','keebler.felicity@example.net','cb764edadd1333dedb101c4bdba325ef867f41bf',5830868539,'M','1984-03-09','Port Samanthaburgh','\0'),(20,'Tomasa','Vandervort','rogahn.joaquin@example.com','752fa675d2302c1f82a0408f0e823ef29cfe8c83',168231110,'D','2003-12-08','Vicenteside','\0'),(21,'Cydney','Wunsch','xhaley@example.com','1031530b4609a442033882ce3e8bd16c412cbf5c',5985901452,'D','1986-07-11','Sanfordberg',''),(22,'Bradly','Johnson','bernard.hodkiewicz@example.net','98ae61a24053b1ddfbdcbfcd870580427b45ae39',2366304125,'P','1993-01-23','Port Adela','\0'),(23,'Abelardo','Glover','hauck.arvel@example.org','58b550e456231a25c73892278ad419b3a09ab1f7',6707027165,'D','2014-02-07','Sarahland',''),(24,'Cristal','Leannon','doris50@example.com','4712e7dbe7e97a93582eb4600a61a334842836c3',5059815969,'M','2003-02-13','South Albina','\0'),(25,'Gudrun','Hoppe','reilly.goldner@example.com','1d613695f1d8efebad02037c6791d68a63534765',4673006970,'M','1987-11-20','East Joyce',''),(26,'Constance','Konopelski','barton.rosalinda@example.org','53da0bc9b910d1f9587525549b80a98c7e2f4bab',5198397154,'M','1989-08-10','West Candacemouth','\0'),(27,'Easter','Legros','dejuan.reichert@example.net','3895d5b00f44b3ad7955a2cefd992226af45a620',1265348779,'D','2007-07-25','Abbottmouth',''),(28,'Linwood','Gorczany','wilton07@example.org','6452d287e3bd928b2039398afab9b4eab8b5c7a7',7130477056,'M','1974-12-23','New Robertafurt','\0'),(29,'Kirstin','Keeling','o\'kon.danika@example.com','3b592ce5fa965173b94ede3ecdce1069fc573cb9',1755853322,'M','1986-03-11','South Marta',''),(30,'Jacky','Blick','simonis.dane@example.org','483057fe73ed349a804bd528fa41fc999faadefe',1699358328,'M','2015-05-25','Averybury','\0'),(31,'Vernie','Kessler','white.judge@example.org','ce9f12074a9aaa58dff46ced1f8ab3bbf4944973',1186577891,'D','2003-09-14','Barrowsbury',''),(32,'Dale','Hammes','kurtis.murphy@example.net','4941c6a974abaa89d44831bedcaa556308284f2c',6902889313,'M','1973-10-01','West Michaleborough','\0'),(33,'Troy','Funk','oberbrunner.webster@example.org','6a45694b5ab507fdd2b4e676f701cf663a0df8e4',9137447402,'D','2010-01-12','Wilkinsonchester',''),(34,'Dorothea','Kiehn','eblick@example.org','c60280bfa5cb0be000b958e70908ede32a6dcff1',2197250122,'P','2013-02-01','New Claud',''),(35,'Morton','O\'Connell','lela07@example.org','24ad1b6c8f915d388d517d30d3d6595c41049061',8668399169,'M','2016-06-05','East Rodolfostad','\0'),(36,'Dawson','Stamm','veum.kurt@example.net','8138e16ed230f53050ca953e280e5329a5070d8e',4177995096,'P','2019-04-18','East Parisside','\0'),(37,'Kaela','Tremblay','connelly.jasmin@example.org','c59e5abc5f28b57e5eba27057b650bac2a4c5d8f',8904961963,'M','1980-05-27','East Brant','\0'),(38,'Forest','Waters','bberge@example.com','6bd52568f382eb2fc48fe6ed62f14d00e8906823',6425759341,'M','1976-11-10','North Lurline',''),(39,'Maybell','Hilpert','anastacio.jones@example.com','79e81cccd516384c665c129aaedbcef38fc966f0',1429279491,'D','2011-11-23','Rogahnmouth',''),(40,'Dovie','Hettinger','shanie.connelly@example.net','253edd52abbe1e1df3b6dadb06355ce000dbc66e',1248309508,'M','1990-07-20','New Wayne',''),(41,'Lina','Lesch','alva.pollich@example.com','a66e8e2d7280fdaf854fb859ca11bc077d9048c9',1492758214,'D','2012-04-22','Coleland','\0'),(42,'Amir','Frami','christiansen.roman@example.net','922b4fd0fde112b9f8e138832e2e65cf5c9107dc',1636105734,'D','2013-08-03','Amparoville',''),(43,'Aric','Streich','cronin.ines@example.com','6068dd261ac9d916b25f3cbfc9a2fbe0dfaca271',2127319242,'D','1993-06-18','East Micah',''),(44,'Austyn','Wintheiser','beatty.clifford@example.org','f198442a68b9914a82761bf72e383b04eefdb106',2271682971,'D','1971-05-25','Koelpintown','\0'),(45,'Aniya','Funk','bwiza@example.com','67e59a9a0b08640e64cbe9362cd13677af22ec48',1343130343,'P','1982-04-28','Ferryville','\0'),(46,'Ashley','Stracke','fatima41@example.com','fe9e049047a6f133ba4c251f7daf52839561973d',2545509588,'P','1982-11-07','Jimmyport',''),(47,'Fritz','Jacobi','heidenreich.toney@example.com','fd10d6955ab6d3afd57c90df7463d15a1ef39fa7',1933232669,'P','2006-04-05','Dominiquemouth',''),(48,'Elda','Huels','deckow.alysha@example.org','5e4ecd6dc32be3725b50d5b377e4afb3851629e2',8696599886,'P','2017-11-13','New Mabel',''),(49,'Adriel','Nikolaus','rohan.marlene@example.org','7d0a63922b682b4d533f7596b6870b6e217ae735',6142227396,'D','2017-04-21','Howeville',''),(50,'Dashawn','Hessel','uhickle@example.com','48b03ff08d7409876f9dc01c690fe0d04de61a0e',8630940373,'M','1988-07-24','East Josianne',''),(51,'Fae','Cartwright','wromaguera@example.net','2b78674ae1c76446d51e5aee222efec4d83db5b4',3845547023,'P','1993-10-01','Carolynshire','\0'),(52,'Mateo','Towne','rita88@example.org','cd8cc0f2b6a6c1078b0698822fea3a1983e7587d',2183080540,'M','2020-02-17','Patienceshire','\0'),(53,'Ava','Feil','leann34@example.com','cae4d2dc1b0dcc733c72b14ce8e4226d3a19f977',6384654260,'M','2016-07-19','East Loymouth','\0'),(54,'Rollin','Huels','hodkiewicz.boris@example.org','782fadf002915a07525029b2a040754e6a2345fd',8336335269,'D','1982-12-17','North Tatefort','\0'),(55,'Elwin','Spencer','penelope.boehm@example.org','4dfc06bc28a96e8753ded02937a6e09716612e10',7161714563,'M','1976-01-06','Derekshire','\0'),(56,'Cordelia','Christiansen','raynor.devon@example.com','4dc4d164d810ecc5563236dc69441208fcebdf91',836228883,'D','1998-10-08','Bergstromberg',''),(57,'Santino','Hagenes','annamae.bosco@example.net','7855625b5f0589c1d094eed6f7e3e214c95cc0d0',103614587,'P','1970-01-23','Makenzieborough',''),(58,'Laura','Kertzmann','wsenger@example.com','81780f40d164d5988d53ca94dd9302df090d4c20',8320221317,'D','1995-08-12','Douglasland','\0'),(59,'Sydni','Schaden','cassin.cristina@example.org','672e9e48bab53fbcb830a2c03f5ec3ef5742466f',1268821971,'P','2016-01-16','East Simoneport','\0'),(60,'Darius','Durgan','skyla44@example.net','ab0453d2d961bf85f433b58cc19437ff02aaedf5',5493388013,'D','2021-12-19','Lake Roger',''),(61,'Sydnie','Okuneva','wyman.judy@example.net','3d0e9b5e6466b2848bbb2c7e874666e10a5b8f46',1264838519,'P','1994-01-13','East Jadynbury',''),(62,'Ressie','Howe','andre61@example.org','10bfcc973542cda691a8a4fbd3b8c37ed53281e8',6710168469,'D','2002-03-24','Mandychester',''),(63,'Shanny','Metz','hamill.eldon@example.com','98de385a6db203d480bba6311ac84a3e850c7c03',3087917916,'P','1976-06-04','Lake Jessikaburgh','\0'),(64,'Greyson','Erdman','becker.gennaro@example.com','6aa0c0dba87c2e6c0c5b9154c6e6498ad106deb3',8347017257,'D','2009-04-28','Walkershire','\0'),(65,'Citlalli','Feeney','mwuckert@example.com','fe0b678584d1593fe48b032dd65eff04bd245583',4827656365,'M','2016-03-06','Junemouth',''),(66,'Alfonso','Labadie','daniel.katelynn@example.com','3cbc1b3cdb3736f336c82c27e316d1b8aeb69df0',4820263255,'P','1982-12-31','Torphystad','\0'),(67,'Lillie','Bayer','ignatius.marks@example.com','30340c9a854d7a345fe183cba03f1a676c51afef',336823906,'M','2016-05-18','New Lizzieburgh','\0'),(68,'Edison','Wyman','corbin90@example.org','c007da18babf071f01ff275c517df1f163a18324',9204001680,'P','1986-03-09','Hansfurt',''),(69,'Margaret','Bahringer','nitzsche.vilma@example.net','f23e3396ac562617baf8a3e6bef38392b12ead5f',923534893,'M','1992-01-09','Lubowitzstad','\0'),(70,'Madisen','Murphy','collins.ford@example.com','e7c0e3acfb3109c6afbcbf1984020e8d747fe4b8',6959148518,'D','1976-01-20','East Ernestine','\0');
/*!40000 ALTER TABLE `users` ENABLE KEYS */;
UNLOCK TABLES;
/*!40103 SET TIME_ZONE=@OLD_TIME_ZONE */;

/*!40101 SET SQL_MODE=@OLD_SQL_MODE */;
/*!40014 SET FOREIGN_KEY_CHECKS=@OLD_FOREIGN_KEY_CHECKS */;
/*!40014 SET UNIQUE_CHECKS=@OLD_UNIQUE_CHECKS */;
/*!40101 SET CHARACTER_SET_CLIENT=@OLD_CHARACTER_SET_CLIENT */;
/*!40101 SET CHARACTER_SET_RESULTS=@OLD_CHARACTER_SET_RESULTS */;
/*!40101 SET COLLATION_CONNECTION=@OLD_COLLATION_CONNECTION */;
/*!40111 SET SQL_NOTES=@OLD_SQL_NOTES */;

-- Dump completed on 2022-02-14 19:27:19
